{
  "model/models.js.map": 1724929830284,
  "Component.js": 1724927192506,
  "controller/View1.controller.js": 1724929007113,
  "controller/App.controller.js": 1724927192514,
  "manifest.json": 1724929830170,
  "model/models.js": 1724927192510,
  "controller/View1-dbg.controller.js": 1724929007113,
  "controller/View1.controller.js.map": 1724929830293,
  "Component-dbg.js": 1724927192506,
  "Component.js.map": 1724929830285,
  "controller/App-dbg.controller.js": 1724927192514,
  "controller/App.controller.js.map": 1724929830279,
  "model/models-dbg.js": 1724927192510,
  "i18n/i18n.properties": 1724927192510,
  "Component-preload.js": 1724929830357,
  "Component-preload.js.map": 1724929830357,
  "view/View1.view.xml": 1724927332779,
  "view/App.view.xml": 1724927192514,
  "css/style.css": 1724927192514,
  "index.html": 1724927192506
}